234.33,35.452,25.978,38.109,156.14,-0.79386
224.18,70.765,25.901,-31.757,153.12,-0.78876
300.49,105.8,23.514,-6.3514,-221.61,-0.30337
113.11,140.41,18.822,-44.46,-27.955,-0.0027966
160.42,174.47,27.747,-25.406,-121.76,-1.516
267.37,207.85,22.176,-0,258.22,-0.4559
199.71,240.4,21.16,-25.406,53.706,-0.033026
273.94,272,39.501,19.054,-257.18,-0.36671
78.823,302.53,9.5216,-31.757,147.43,-3.8555e-09
281.97,331.87,24.535,-25.406,-303.12,-0.62489
294.79,359.9,28.321,-19.054,301.74,-0.40694
261.51,386.5,24.131,31.757,146.11,-0.58831
213.84,411.58,25.803,-25.406,106.58,-0.78055
319.3,435.04,47.637,-44.46,-76.736,0.17147
202.79,456.78,32.581,12.703,152.55,-0.00022604
278.93,476.72,28.145,-44.46,-76.345,-0.63587
214.46,494.77,20.953,-25.406,146.67,-0.025679
154.96,510.88,17.29,6.3514,235.03,-0.98517
307.73,524.96,27.684,38.109,14.766,-0.58316
177,536.98,24.845,-6.3514,159.94,-0.7631
207.58,546.87,21.35,-44.46,51.308,-0.041211
225.26,554.61,22.536,-12.703,-180.39,-0.1394
186.79,560.16,29.631,-25.406,-248.53,-0.12698
151.47,563.5,21.702,31.757,1.9589,-0.95171
313.56,564.61,20.422,0,56.638,-0.012982
217.43,563.5,26.36,-38.109,-196.85,-0.7995
190.07,560.16,20.534,-12.703,-62.658,-0.017486
178.02,554.61,22.825,-0,-301.35,-0.29775
190.02,546.87,31.98,38.109,24.339,-0.0038486
241.8,536.98,28.007,38.109,259.88,-0.49464
205.26,524.96,30.575,6.3514,-38.701,-0.02935
236.39,510.88,22.417,-38.109,158.75,-0.125
133.55,494.77,37.6,25.406,140.89,-0.14068
244.97,476.72,29.031,-6.3514,232.71,-0.22744
261.74,456.78,32.248,31.757,162.33,-0.15261
69.171,435.04,13.919,-19.054,-196.48,-2.8524e-08
255.14,411.58,30.749,-25.406,-249.62,-0.041984
328.22,386.5,39.555,-19.054,-27.224,1.195e-06
98.712,359.9,24.81,12.703,-236.45,-0.6076
209.37,331.87,19.834,44.46,-21.196,-0.0057085
294.7,302.53,21.132,-31.757,-113.91,-0.031998
229.48,272,15.68,44.46,-105.98,-2.3756e-06
219.35,240.4,16.084,-19.054,-18.142,-5.937e-06
279.79,207.85,27.547,-25.406,-0.35197,-0.76706
203.05,174.47,23.986,-6.3514,123.62,-0.40912
104.44,140.41,26.685,-19.054,-256.02,-0.77819
214.56,105.8,27.876,44.46,-9.5699,-0.53111
209.14,70.765,22.479,31.757,258.45,-0.13228
274.47,35.452,34.098,-19.054,-81.797,-0.35062
107.82,6.9145e-14,17.151,-0,-263.86,-0.00040195
234.72,-35.452,19.452,44.46,-276.01,-0.0032274
214.29,-70.765,24.929,12.703,-302.1,-0.63449
213.83,-105.8,35.28,-31.757,-25.715,-8.1929e-11
209.11,-140.41,25.674,12.703,148.24,-0.76665
130.99,-174.47,15.682,-19.054,192.57,-0.091632
206.33,-207.85,25.582,19.054,28.131,-0.755
137.88,-240.4,31.497,-44.46,-170.37,-0.26995
296.88,-272,25.604,44.46,223.21,-0.75787
196.95,-302.53,29.808,31.757,293.02,-0.093968
158.37,-331.87,20.721,-44.46,206.49,-1.0103
233.54,-359.9,26.232,-12.703,-13.577,-0.8013
159.16,-386.5,16.604,-44.46,86.116,-0.97921
111.08,-411.58,22.859,31.757,-90.548,-0.18532
130.79,-435.04,21.328,-31.757,135.53,-0.12866
256.72,-456.78,21.91,-6.3514,-123.05,-0.11276
187.4,-476.72,31.868,25.406,281.39,-0.0091117
265.91,-494.77,18.153,44.46,-224.28,-0.30808
199.13,-510.88,16.488,-31.757,-207.9,-2.8027e-05
213.77,-524.96,30.336,-0,142.76,-0.043596
342.76,-536.98,26.781,38.109,-292.73,-0.68978
209.5,-546.87,25.037,25.406,232.21,-0.65809
82.27,-554.61,10.381,38.109,53.957,-2.0001e-08
268.66,-560.16,30.563,38.109,152.65,-0.41953
227.41,-563.5,26.37,-38.109,-254.19,-0.7992
186.33,-564.61,14.788,44.46,-121.67,-0.010852
192.09,-563.5,22.977,19.054,-183.37,-0.20408
279.68,-560.16,20.285,-6.3514,-254.14,-0.16333
285.03,-554.61,26.78,38.109,-215.72,-0.79535
242.33,-546.87,34.09,-19.054,310.62,-8.716e-06
216.35,-536.98,23.901,31.757,-168.8,-0.38923
173.33,-524.96,20.149,-12.703,-15.827,-0.29937
177.09,-510.88,22.64,25.406,-100.95,-0.29761
97.484,-494.77,13.152,-6.3514,-299.19,-1.0822e-05
206.56,-476.72,21.853,25.406,-73.247,-0.071621
257.25,-456.78,28.749,-6.3514,-167.89,-0.33739
174.52,-435.04,17.499,-12.703,-152.13,-0.23739
208.45,-411.58,31.579,38.109,108.4,-0.003762
235.34,-386.5,26.795,-38.109,-8.1925,-0.76542
277.92,-359.9,25.065,44.46,-172.13,-0.8831
216.59,-331.87,28.065,25.406,-97.491,-0.47854
164.19,-302.53,21.116,25.406,-22.234,-0.82865
238.34,-272,23.982,-19.054,131.35,-0.40805
153.63,-240.4,20.709,31.757,-203.74,-0.97718
207.21,-207.85,23.581,19.054,225.87,-0.31761
146.39,-174.47,32.969,-44.46,-180.43,-0.65569
198.22,-140.41,21.062,6.3514,234.28,-0.029374
327.76,-105.8,29.204,31.757,-255.95,-0.19123
292.77,-70.765,26.694,12.703,178.03,-0.7775
274.28,-35.452,27.146,19.054,126.36,-1.0654
237.05,-1.3829e-13,20.179,-44.46,211.75,-0.0093234
226.4,35.452,35.098,19.054,-100.32,-4.0342e-10
200.89,70.765,13.014,-12.703,-72.135,-3.5592e-06
253.98,105.8,29.963,-12.703,301.3,-0.088868
216,140.41,23.139,-0,-239.8,-0.23084
282.9,174.47,32.904,25.406,-44.55,-0.061606
140.42,207.85,20.517,-44.46,-248.37,-0.37976
193.39,240.4,24.895,12.703,306.38,-0.62735
121.48,272,13.131,12.703,183.55,-0.013376
265.94,302.53,31.285,6.3514,-236.14,-0.31629
172.78,331.87,20.833,12.703,104.07,-0.33866
152.15,359.9,17.457,-12.703,-184.55,-0.91509
126.37,386.5,16.228,-38.109,-240.54,-0.038382
199.43,411.58,22.692,12.703,154.87,-0.16
198.73,435.04,26.959,-25.406,-108.81,-0.74188
260.71,456.78,17.078,-12.703,-223.47,-0.11984
160.26,476.72,35.002,25.406,-152.75,-0.95422
189.41,494.77,22.153,-0,-116.75,-0.10039
229.37,510.88,23.871,-19.054,-135.41,-0.38216
342.58,524.96,39.707,-31.757,-69.588,0.072669
249.89,536.98,20.813,-6.3514,239.06,-0.02331
237.49,546.87,10.821,0,-149.2,-5.4707e-08
213.1,554.61,21.709,19.054,-299.51,-0.061493
246.34,560.16,25.357,19.054,-246.74,-0.72016
136.44,563.5,16.682,-31.757,242.27,-0.21773
118.34,564.61,24.512,-6.3514,7.7721,-0.54296
144.36,563.5,24.606,12.703,90.598,-1.1112
219.27,560.16,30.053,-19.054,151.22,-0.066967
202.08,554.61,28.818,38.109,26.164,-0.27655
219.33,546.87,34.197,44.46,141.29,-2.0258e-07
228.77,536.98,25.442,-44.46,20.177,-0.73411
216.77,524.96,19.824,25.406,149.56,-0.0056326
108.26,510.88,22.109,44.46,144.05,-0.093416
245.07,494.77,32.078,31.757,12.131,-0.0011112
219.46,476.72,23.424,25.406,262.05,-0.28505
181.05,456.78,12.085,-19.054,165.26,-0.0565
190.13,435.04,16.13,19.054,-215.87,-0.0023818
252.73,411.58,25.003,0,140.06,-0.6581
180.55,386.5,26.4,19.054,-101.95,-0.86259
118.4,359.9,19.359,-38.109,-203.43,-0.0092207
192.46,331.87,24.415,0,-138.46,-0.51371
181.87,302.53,24.04,25.406,-54.958,-0.46718
156.33,272,19.926,-0,280.5,-1.0052
297.67,240.4,26.383,-31.757,-308.34,-0.7988
226.06,207.85,28.798,-0,-185.69,-0.28137
172.5,174.47,21.05,-19.054,244.8,-0.35953
147.31,140.41,22.878,-38.109,-160.91,-0.88971
164.97,105.8,21.141,-25.406,-203.59,-0.7885
138.33,70.765,19.337,-38.109,-138.17,-0.28445
124.12,35.452,22.965,44.46,-167.44,-0.22526
107.69,2.0744e-13,16.863,-44.46,-80.537,-0.00036372
150.98,-35.452,17,31.757,189.42,-0.87161
154.06,-70.765,28.38,31.757,-261.51,-1.359
243.61,-105.8,24.978,-44.46,92.084,-0.64536
199.02,-140.41,32.031,-38.109,-89.852,-0.0011927
131.41,-174.47,24.792,-44.46,-148.22,-0.70207
127.3,-207.85,12.757,-6.3514,-160.32,-0.046201
136.04,-240.4,30.332,25.406,125.19,-0.24929
277.64,-272,30.883,-6.3514,-160.5,-0.24742
289.92,-302.53,27.876,-25.406,-69.665,-0.5335
303.39,-331.87,31.136,-44.46,268.2,-0.010122
250.34,-359.9,25.676,-12.703,-245.6,-0.76917
142.7,-386.5,19.589,-6.3514,43.761,-0.47352
149.2,-411.58,23.353,19.054,254.32,-1.0654
63.642,-435.04,12.341,-0,203.41,-2.7653e-10
97.683,-456.78,19.565,-44.46,201.21,-0.0038455
148.91,-476.72,25.218,-31.757,241.22,-1.4757
314.39,-494.77,18.115,44.46,253.62,-0.00034857
209.37,-510.88,29.124,12.703,-248.17,-0.20736
233.83,-524.96,21.497,-25.406,36.421,-0.048715
170.49,-536.98,22.047,0,285.95,-0.52516
298.3,-546.87,20.842,-6.3514,289.07,-0.022369
269.58,-554.61,30.444,-44.46,59.857,-0.4414
211.28,-560.16,27.858,-25.406,-87.242,-0.53613
61.318,-563.5,21.911,-0,-203.78,-0.07608
234.06,-564.61,32.304,-12.703,206.87,-0.00053665
169.98,-563.5,24.601,19.054,-87.677,-1.025
275.2,-560.16,31.995,-31.757,231.09,-0.32721
194.38,-554.61,24.899,-31.757,302.76,-0.62805
145.38,-546.87,14.656,-0,123.35,-0.60381
166.63,-536.98,27.231,19.054,-239.13,-1.3545
253.33,-524.96,19.935,-31.757,147.49,-0.016221
170.77,-510.88,19.487,-25.406,150.83,-0.42528
115.76,-494.77,17.071,12.703,245.46,-0.0033315
96.595,-476.72,9.079,12.703,-10.314,-7.7979e-06
270.45,-456.78,28.278,25.406,-40.553,-0.83068
172.16,-435.04,16.935,-25.406,-121.92,-0.34767
207.09,-411.58,24.067,-12.703,-18.525,-0.42839
173.49,-386.5,21.016,6.3514,60.238,-0.31044
219.54,-359.9,27.238,25.406,0.67884,-0.6901
181.08,-331.87,22.628,-12.703,-88.011,-0.20723
238.57,-302.53,19.681,-38.109,3.0318,-0.0045625
233.54,-272,31.113,-0,161.16,-0.010604
289.83,-240.4,28.761,25.406,158.02,-0.29305
228.45,-207.85,32.389,-31.757,-148.12,-0.00041555
228.64,-174.47,36.439,-31.757,-108.42,-3.8624e-15
173.24,-140.41,18.09,31.757,37.26,-0.2948
229.39,-105.8,34.515,38.109,268.32,-2.938e-08
248.42,-70.765,21.107,12.703,-110.02,-0.031723
166.87,-35.452,25.409,44.46,144.3,-1.3779
217.71,-2.7658e-13,25.445,-44.46,-248.77,-0.73472
115.5,35.452,16.453,44.46,-52.002,-0.0030785
182.57,70.765,23.913,-19.054,-11.9,-0.42876
202.1,105.8,29.224,19.054,-164.69,-0.18713
181.43,140.41,23.186,0,-82.95,-0.29035
196.1,174.47,28.399,25.406,16.623,-0.38545
200.45,207.85,29.032,31.757,-10.673,-0.22708
135.89,240.4,19.817,31.757,-47.457,-0.20665
215.03,272,19.528,-19.054,-248.66,-0.0036238
165.49,302.53,22.896,25.406,97.845,-0.91773
155.7,331.87,17.457,38.109,-209.23,-0.99433
183.53,359.9,20.371,25.406,275.49,-0.039804
192.97,386.5,29.632,44.46,-104.41,-0.11818
307.75,411.58,33.518,19.054,-130.99,-6.2365e-06
316.24,435.04,21.361,19.054,84.513,-0.041736
273.43,456.78,25.495,12.703,-276.45,-1.1225
314.31,476.72,26.454,-19.054,252.15,-0.79579
175.32,494.77,9.8763,-19.054,-3.4396,-0.20532
160.27,510.88,27.498,-25.406,37.647,-1.5843
180.29,524.96,24.602,-0,165.15,-0.62731
230.01,536.98,33.01,-0,-263.62,-4.9938e-05
149.42,546.87,20.912,31.757,-180.29,-0.82909
261.68,554.61,24.626,38.109,63.281,-0.71416
233.72,560.16,28.653,-31.757,307.49,-0.31779
209.55,563.5,23.444,-6.3514,296.06,-0.28895
206.13,564.61,19.748,6.3514,-208.96,-0.0050329
212.73,563.5,32.922,-6.3514,-120.11,-6.9212e-05
257.84,560.16,29.819,44.46,69.543,-0.14592
124.43,554.61,22.432,6.3514,72.124,-0.15241
221.57,546.87,23.657,38.109,180.46,-0.33395
213.7,536.98,26.463,6.3514,49.647,-0.79531
219.33,524.96,29.557,-6.3514,56.309,-0.12877
170.88,510.88,24.309,-38.109,108.95,-0.90282
223.07,494.77,25.104,44.46,37.98,-0.67192
98.954,476.72,18.873,-31.757,-97.09,-0.0013061
238.54,456.78,27.569,-19.054,-289.75,-0.61293
62.228,435.04,17.114,-6.3514,94.398,-5.2095e-05
257.61,411.58,35.135,-44.46,-226.28,-0.049581
227.45,386.5,31.103,-31.757,-135.55,-0.010815
230.17,359.9,26.169,-25.406,53.685,-0.8008
294.54,331.87,31.975,-44.46,180.79,-0.0014579
141.86,302.53,24.56,-44.46,-13.15,-0.97807
203.19,272,27.308,-6.3514,38.074,-0.67485
237.6,240.4,26.797,19.054,252.14,-0.76522
229.13,207.85,23.896,-6.3514,-85.049,-0.38786
188.24,174.47,29.4,-25.406,-81.101,-0.15991
121.79,140.41,20.286,-38.109,-141.37,-0.025151
161,105.8,27.173,-19.054,-138.37,-1.6356
202.29,70.765,38.236,38.109,197.03,-1.0874e-06
176.98,35.452,23.987,38.109,237.56,-0.55763
169.31,1.3487e-12,21.088,-38.109,-172.24,-0.53553
156.76,-35.452,21.783,38.109,155.19,-1.0665
164.15,-70.765,28.339,-31.757,-81.936,-1.2009
238.08,-105.8,23.539,38.109,-219.22,-0.30865
221.66,-140.41,26.628,-44.46,250.09,-0.7836
262.18,-174.47,28.815,44.46,2.5983,-0.44436
295.74,-207.85,30.365,-44.46,276.47,-0.04166
159.72,-240.4,20.458,-25.406,31.894,-0.98124
188.55,-272,28.046,38.109,-156.57,-0.48841
211.67,-302.53,16.164,-6.3514,-183.12,-7.0773e-06
219.96,-331.87,29.82,-19.054,-47.042,-0.092408
207.76,-359.9,25.728,0,-305.61,-0.77286
277.98,-386.5,17.537,44.46,-255.07,-0.21709
151.43,-411.58,19.548,19.054,26.499,-0.89275
256.79,-435.04,15.768,-12.703,207.66,-0.037706
130.54,-456.78,19.32,44.46,115.15,-0.087203
221.36,-476.72,26.609,-44.46,-25.411,-0.78525
193.39,-494.77,22.971,0,-171.53,-0.20271
199.92,-510.88,26.985,-6.3514,177.29,-0.73762
240.44,-524.96,22.645,-6.3514,219.14,-0.15359
355.93,-536.98,31.865,-38.109,-175.98,0.23847
194.91,-546.87,31.611,12.703,-48.824,-0.0037003
124.91,-554.61,13.906,-12.703,-39.141,-0.028425
240.31,-560.16,24.863,38.109,-14.728,-0.61969
297.37,-563.5,24.095,-12.703,117.67,-0.43509
196.33,-564.61,12.853,31.757,-21.883,-9.0876e-05
170.25,-563.5,14.405,19.054,309.51,-0.45129
236.74,-560.16,19.38,6.3514,49.789,-0.0028891
192.18,-554.61,18.316,-6.3514,-225.41,-0.0014079
207.09,-546.87,33.161,12.703,-91.01,-2.7938e-05
206.78,-536.98,26.117,38.109,-6.8836,-0.7997
156.35,-524.96,22.104,-19.054,-182.51,-1.0913
213.08,-510.88,20.293,-19.054,176.68,-0.010908
223.24,-494.77,19.937,0,303.4,-0.0066255
294.42,-476.72,28.095,12.703,92.721,-0.47018
178.55,-456.78,20.626,-31.757,-85.677,-0.12214
132.92,-435.04,25.99,12.703,163.66,-0.9215
146.03,-411.58,22.041,25.406,-9.9872,-0.72438
133.31,-386.5,14.479,19.054,177.11,-0.13532
158.68,-359.9,23.162,-12.703,1.8745,-1.222
165.73,-331.87,18.629,-25.406,-23.986,-0.71512
173.18,-302.53,18.138,12.703,268.5,-0.29749
212.71,-272,31.946,44.46,-29.248,-0.0014872
161.8,-240.4,19.507,31.757,37.913,-0.90762
133.3,-207.85,25.784,31.757,-113.62,-0.91383
204.77,-174.47,35.78,6.3514,185.6,-9.9515e-08
238.17,-140.41,24.729,-31.757,187.19,-0.58877
252.89,-105.8,28.611,-6.3514,109.59,-0.3366
249.39,-70.765,18.72,25.406,-290.12,-0.0023014
174.83,-35.452,12.311,-12.703,-143.28,-0.22471
284.34,-4.1487e-13,19.823,19.054,234.36,-0.042557
245.44,35.452,18.386,12.703,-251.67,-0.00066424
230.67,70.765,25.689,-25.406,-177.23,-0.76848
209.64,105.8,31.729,-25.406,-32.608,-0.002605
215.25,140.41,19.259,-44.46,304.85,-0.0023944
189.6,174.47,23.978,12.703,235.46,-0.41016
192.61,207.85,25.911,-0,-164.21,-0.79023
98.452,240.4,25.744,-38.109,45.158,-0.77459
224.61,272,27.517,12.703,141.49,-0.62587
180.21,302.53,24.517,-25.406,-202.49,-0.60812
150.04,331.87,25.707,25.406,-73.052,-1.6031
208.95,359.9,36.289,-31.757,178.15,-5.9415e-10
155.18,386.5,17.513,-38.109,164,-0.98835
230.69,411.58,18.264,19.054,-144.87,-0.00045483
152.86,435.04,24.676,-6.3514,5.6698,-1.5136
258.95,456.78,21.765,-19.054,-101.02,-0.1401
128.11,476.72,16.386,-44.46,4.051,-0.053992
117.64,494.77,18.156,-38.109,-1.5726,-0.0056862
107.88,510.88,8.1863,6.3514,302.73,-0.00035276
205.07,524.96,19.749,38.109,-163.35,-0.0050411
185.13,536.98,29.922,6.3514,90.139,-0.09714
223.9,546.87,20.036,25.406,-301.63,-0.0076301
232.51,554.61,29.583,6.3514,-289.48,-0.1248
207.76,560.16,28.234,12.703,-63.084,-0.4311
95.438,563.5,24.792,25.406,-225.99,-0.60333
103.45,564.61,19.266,-6.3514,-251.08,-0.002506
243.93,563.5,24.521,-44.46,255.36,-0.53899
132.07,560.16,19.899,-44.46,176.67,-0.11665
171.96,554.61,23.161,-44.46,232.5,-0.59254
230.94,546.87,20.774,-19.054,239.82,-0.020536
189.91,536.98,19.82,-25.406,-20.503,-0.0082119
246.79,524.96,29.349,-31.757,74.073,-0.16386
231.53,510.88,25.641,31.757,-91.873,-0.76268
211.55,494.77,23.412,0,149.27,-0.2825
234.39,476.72,30.173,6.3514,85.995,-0.056106
264.67,456.78,31.621,-12.703,-138.99,-0.26414
186.11,435.04,28.24,6.3514,-167.74,-0.44108
228.97,411.58,31.276,12.703,212.51,-0.0075188
234.83,386.5,29.735,-38.109,94.038,-0.1033
154.28,359.9,13.81,-44.46,-46.338,-0.973
242.1,331.87,15.198,-31.757,-87.748,-7.5863e-06
161.31,302.53,33.201,-44.46,-58.364,-0.92206
350.67,272,29.366,-19.054,93.712,0.20012
143.67,240.4,21.26,0,-30.526,-0.55405
172.14,207.85,19.911,-0,-157.87,-0.35519
171.13,174.47,25.313,0,133.11,-1.1142
252.64,140.41,32.475,0,-180.59,-0.0073319
158.69,105.8,23.679,0,-165.17,-1.3258
233.42,70.765,19.647,-25.406,81.342,-0.0043327
229.17,35.452,30.203,19.054,-40.598,-0.053646
300.72,2.4899e-12,14.022,-19.054,-309.29,-1.229e-07
252.75,-35.452,22.808,19.054,-22.349,-0.18418
143.17,-70.765,11.783,-44.46,-231.89,-0.4926
268.2,-105.8,30.171,6.3514,-217.38,-0.43544
176.26,-140.41,20.256,12.703,-273.74,-0.18194
161.85,-174.47,18.355,12.703,-140.37,-0.90282
161.61,-207.85,24.235,-12.703,-29.574,-1.3804
220.04,-240.4,27.799,6.3514,271.32,-0.55224
168.6,-272,15.564,-19.054,302.42,-0.54692
263.3,-302.53,28.193,-0,240.39,-0.65048
87.412,-331.87,27.571,31.757,269.07,-0.61228
161.78,-359.9,19.688,-38.109,72.528,-0.90943
116.96,-386.5,18.021,25.406,267,-0.0047694
226.79,-411.58,15.816,38.109,-142.6,-3.2454e-06
90.527,-435.04,26.238,-38.109,-192.74,-0.8013
179,-456.78,21.741,38.109,114.72,-0.15826
283.88,-476.72,35.066,-31.757,-67.684,-0.043868
248.33,-494.77,32.314,25.406,-287.04,-0.0012168
143.33,-510.88,22.35,-19.054,224.38,-0.61772
197.66,-524.96,22.175,44.46,155.79,-0.099285
193.76,-536.98,22.432,31.757,-108.21,-0.12711
157.53,-546.87,18.871,-31.757,-155.51,-0.99966
196.71,-554.61,29.938,-38.109,116.97,-0.078857
260.93,-560.16,23.307,-38.109,77.546,-0.38836
158.64,-563.5,24.475,-38.109,-194.7,-1.5152
189.97,-564.61,21.741,19.054,-216.01,-0.066181
244.24,-563.5,33.257,-31.757,28.978,-5.9987e-05
130.83,-560.16,6.3574,-19.054,-253,-0.089065
175.17,-554.61,27.86,31.757,58.032,-0.74677
182.04,-546.87,29.827,-25.406,-56.424,-0.13461
182.58,-536.98,25.615,-0,197.47,-0.79619
159.58,-524.96,18.663,6.3514,-279.41,-0.97167
175.93,-510.88,25.536,-0,229.82,-0.93136
162.87,-494.77,13.439,0,227.17,-0.86015
184.65,-476.72,24.381,-31.757,226,-0.52399
246.96,-456.78,27.806,6.3514,241.59,-0.55072
150.16,-435.04,22.019,-0,-209.52,-0.9228
194.49,-411.58,25.014,25.406,-190.11,-0.65345
146.65,-386.5,26.47,-6.3514,-89.897,-1.464
194.28,-359.9,26.804,19.054,-214.6,-0.76453
172.59,-331.87,15.224,-0,62.985,-0.32593
231.8,-302.53,33.066,0,-300.25,-4.0395e-05
244.76,-272,24.258,-0,261.67,-0.47476
268.27,-240.4,23.452,31.757,-281.5,-0.67151
230.36,-207.85,30.835,-0,-147.46,-0.018341
188.87,-174.47,28.634,19.054,194.6,-0.32674
222.25,-140.41,22.474,-31.757,-192.95,-0.13174
125.83,-105.8,23.74,-31.757,-187.13,-0.38675
250.28,-70.765,29.886,-38.109,-230.46,-0.086803
176.93,-35.452,17.879,-38.109,82.312,-0.15002
180.22,-5.5316e-13,23.013,44.46,207.31,-0.27919
270.02,35.452,26.12,-31.757,299.25,-1.2091
220.83,70.765,28.659,31.757,83.953,-0.31617
297.02,105.8,20.945,6.3514,-26.341,-0.02544
299.27,140.41,19.02,-12.703,4.0578,-0.0016358
286.32,174.47,19.459,6.3514,32.382,-0.019446
221.4,207.85,22.793,-31.757,84.12,-0.17455
319.07,240.4,22.923,19.054,-38.351,-0.19445
297.48,272,32.722,31.757,-26.941,-0.00014554
260.96,302.53,31.194,-38.109,-249.15,-0.13603
220.81,331.87,31.432,-6.3514,-270.42,-0.0053107
135.46,359.9,12.935,-12.703,-11.057,-0.18889
166.52,386.5,25.972,44.46,-44.537,-1.4627
183.3,411.58,24.737,-25.406,-277.41,-0.62037
159.85,435.04,26.293,25.406,285.47,-1.7655
197.34,456.78,16.997,-6.3514,258.76,-8.8708e-05
264.96,476.72,29.909,-25.406,-182.73,-0.35375
357.56,494.77,38.57,-25.406,-135.59,0.16612
189.36,510.88,13.541,38.109,-194.76,-0.0033154
201.07,524.96,16.869,-0,8.2804,-3.4817e-05
235.08,536.98,36.877,-25.406,-34.007,-2.1831e-09
89.594,546.87,13.91,25.406,-253.49,-5.273e-07
307.25,554.61,26.918,19.054,-285.9,-0.74835
210.44,560.16,25.611,25.406,124.6,-0.75886
121.73,563.5,17.892,0,-202.95,-0.014401
179.44,564.61,26.65,12.703,166.45,-0.86654
84.835,563.5,22.597,38.109,97.879,-0.14725
253.25,560.16,40.92,19.054,-56.309,-0.0092691
187.09,554.61,30.235,44.46,61.973,-0.059263
219.42,546.87,24.92,-19.054,-310.38,-0.63257
226.09,536.98,24.61,0,-46.256,-0.56033
299.16,524.96,26.143,-38.109,-168.03,-0.80034
157.65,510.88,14.404,-0,205.8,-0.99768
148.29,494.77,27.123,19.054,264.12,-1.4641
174.66,476.72,31.059,-38.109,113.32,-0.24359
166.11,456.78,15.098,6.3514,-127.32,-0.69304
335.62,435.04,29.743,-19.054,-78.098,-0.10052
314.94,411.58,31.633,-12.703,-99.109,-0.0033028
262.69,386.5,34.987,-6.3514,59.646,-0.18524
211.54,359.9,20.866,31.757,38.835,-0.023074
211.62,331.87,20.896,-12.703,-287.67,-0.02393
278.34,302.53,23.976,-25.406,53.914,-0.6094
192.89,272,24.035,-38.109,81.983,-0.42138
131.05,240.4,33.011,31.757,52.402,-0.092552
183.76,207.85,18.445,-25.406,-190.13,-0.026406
213.61,174.47,23.652,6.3514,-274.35,-0.33289
141.73,140.41,19.528,25.406,113.82,-0.42718
174.39,105.8,11.218,-0,-148.74,-0.24301
161.76,70.765,29.399,-6.3514,201.51,-1.0603
105.71,35.452,25.876,-6.3514,69.888,-0.78706
204.91,6.2231e-13,21.058,6.3514,6.1302,-0.029215
171.98,-35.452,20.624,-12.703,293.99,-0.37399
248.18,-70.765,39.15,-25.406,30.643,-0.00063479
301.9,-105.8,29.64,12.703,209.29,-0.11645
180.68,-140.41,25.747,-6.3514,-21.435,-0.83716
175.39,-174.47,33.165,-31.757,-234.78,-0.20292
247.03,-207.85,35.202,12.703,-185.25,-0.00030568
128.12,-240.4,19.397,44.46,-34.33,-0.057118
229.06,-272,25.451,-19.054,142.87,-0.73556
248.99,-302.53,28.555,-31.757,-31.074,-0.34438
226.81,-331.87,13.391,-38.109,221.44,-6.5039e-09
264.48,-359.9,34.429,-12.703,180.05,-0.25316
166.21,-386.5,21.957,38.109,272.32,-0.76722
244.88,-411.58,30.86,6.3514,-18.995,-0.017572
209.8,-435.04,17.864,-31.757,119.2,-0.00022058
270.62,-456.78,23.805,38.109,291.62,-0.77962
115.69,-476.72,21.707,31.757,-295.87,-0.064554
239.81,-494.77,19.583,19.054,-146.93,-0.0039407
139.85,-510.88,25.42,-12.703,-36.853,-1.0716
233.95,-524.96,27.123,31.757,-295.13,-0.71307
180.52,-536.98,29.676,-12.703,-33.539,-0.17625
195.21,-546.87,28.573,-19.054,172.86,-0.33881
216.43,-554.61,21.475,0,-25.839,-0.047526
242.62,-560.16,31.496,6.3514,-148.97,-0.0045897
251.03,-563.5,21.123,-44.46,-112.89,-0.03475
124.43,-564.61,11.359,-31.757,-35.542,-0.025686
173.26,-563.5,23.546,-38.109,38.539,-0.60342
166.56,-560.16,28.189,-19.054,21.291,-1.1106
303.12,-554.61,32.5,-31.757,-123.44,-0.00029329
254.95,-546.87,28.615,-19.054,7.5171,-0.3466
90.311,-536.98,14.835,-25.406,293.81,-9.8302e-07
95.656,-524.96,18.797,31.757,170.55,-0.0011406
239.56,-510.88,25.968,12.703,59.865,-0.79325
161.59,-494.77,11.01,12.703,-101.88,-0.91189
332.75,-476.72,36.627,6.3514,-107.22,0.00017165
276.29,-456.78,29.936,-38.109,177.27,-0.36404
185.84,-435.04,18.948,-19.054,-45.4,-0.014376
218.73,-411.58,21.365,12.703,307.32,-0.041921
95.595,-386.5,15.685,31.757,-180.33,-7.7685e-06
190.35,-359.9,28.866,19.054,247.62,-0.26712
83.299,-331.87,15.275,25.406,-110.56,-9.4892e-07
219.07,-302.53,21.11,-38.109,168.52,-0.031088
271.31,-272,25.31,-38.109,111.94,-1.1234
182.37,-240.4,25.373,-38.109,-22.901,-0.7619
128.19,-207.85,21.45,19.054,-211.87,-0.10102
173.92,-174.47,18.994,38.109,98.062,-0.26502
253.78,-140.41,29.766,-44.46,-70.398,-0.11099
274.03,-105.8,20.504,-12.703,-173.34,-0.37845
189.71,-70.765,20.816,-12.703,-292.49,-0.024511
151.3,-35.452,20.352,-6.3514,-11.112,-0.89603
318.45,-2.6974e-12,35.758,-25.406,225.7,-5.3324e-13
245.54,35.452,25.919,-25.406,70.542,-0.79014
201.87,70.765,23.356,6.3514,-126.25,-0.27138
298.95,105.8,26.373,-25.406,-230.6,-0.79912
220.61,140.41,28.563,-12.703,-228.8,-0.34115
147.18,174.47,22.833,-38.109,30.272,-0.87637
204.74,207.85,18.124,44.46,-114.6,-0.00035475
97.727,240.4,17.497,-25.406,68.436,-0.00012235
206.08,272,18.895,-25.406,90.396,-0.0013334
183.47,302.53,8.894,31.757,-115.11,-0.028195
250.2,331.87,23.805,19.054,249.41,-0.36913
138,359.9,15.706,-25.406,-95.152,-0.26974
229.66,386.5,35.128,-38.109,-238.46,-3.1378e-10
151.69,411.58,20.753,38.109,221.19,-0.91868
202.36,435.04,30.842,0,-103.55,-0.018117
77.637,456.78,10.636,19.054,-171.12,-2.1439e-09
113.94,476.72,26.622,-12.703,112.62,-0.7861
224.63,494.77,27.513,12.703,2.8614,-0.62688
149.09,510.88,27.113,-6.3514,191.78,-1.5046
237.3,524.96,21.916,38.109,-90.444,-0.076432
209.77,536.98,26.693,44.46,185.44,-0.77727
252.16,546.87,18.3,6.3514,-255.45,-0.0060885
215.79,554.61,25.725,25.406,180.43,-0.77258
216.21,560.16,23.901,-19.054,93.531,-0.38905
203.41,563.5,27.995,-44.46,266.65,-0.49821
154.85,564.61,23.761,25.406,97.367,-1.3404
231.02,563.5,24.12,-12.703,-189.39,-0.44108
181.6,560.16,16.918,19.054,-260.45,-0.04869
45.411,554.61,20.417,19.054,304.55,-0.012903
173.13,546.87,29.242,31.757,-211.33,-0.48334
221.75,536.98,23.782,44.46,-134.85,-0.36181
208.87,524.96,16.055,38.109,-195.97,-5.5558e-06
156.87,510.88,15.605,-19.054,-250.68,-1
205.22,494.77,27.225,12.703,-281.63,-0.6927
249.01,476.72,25.281,-38.109,18.946,-0.70748
134.05,456.78,12.273,25.406,-91.275,-0.15217
201.57,435.04,17.232,44.46,-71.261,-6.787e-05
183.99,411.58,23.553,25.406,144.16,-0.3356
163.12,386.5,21.574,6.3514,-65.48,-0.9022
209.34,359.9,25.517,-31.757,-247.23,-0.74573
190.43,331.87,30.233,-19.054,-100.56,-0.053342
135.46,302.53,21.477,-31.757,-299.21,-0.23639
160.81,272,23.464,25.406,212.23,-1.2315
170.73,240.4,22.44,-19.054,-247.26,-0.5519
263.43,207.85,36.224,-38.109,-89.148,-0.21305
250.34,174.47,21.033,0,100.39,-0.030545
133.71,140.41,24.183,-25.406,98.829,-0.60059
117.42,105.8,16.246,19.054,148.77,-0.0050362
243.44,70.765,37.931,31.757,-78.773,-2.1432e-05
153.11,35.452,23.241,25.406,-208.28,-1.1942
184.16,-1.2453e-12,22.894,6.3514,281.96,-0.21254
272.06,-35.452,20.691,25.406,-130.32,-0.42386
230.01,-70.765,24.363,-31.757,150.32,-0.5003
140.93,-105.8,12.459,-38.109,34.28,-0.38734
104.49,-140.41,8.7485,25.406,-19.935,-0.00012134
234.24,-174.47,19.913,19.054,-4.6536,-0.0063993
286.45,-207.85,35.701,-0,-204.85,-0.015246
190.55,-240.4,19.17,19.054,134.03,-0.0040472
189.27,-272,27.704,-31.757,-235.9,-0.58114
281.29,-302.53,27.737,-6.3514,285.24,-0.66981
131.92,-331.87,23.871,31.757,3.8965,-0.48969
177.88,-359.9,26.68,6.3514,-23.985,-0.9006
365.91,-386.5,38.048,12.703,-206.02,0.0027934
195.77,-411.58,25.329,19.054,-234.45,-0.71536
82.403,-435.04,19.639,-31.757,280.54,-0.0042852
214.02,-456.78,19.955,12.703,-277.97,-0.0067965
166.32,-476.72,12.231,25.406,-295.83,-0.68067
218.06,-494.77,26.281,25.406,15.612,-0.80107
240.12,-510.88,27.886,-19.054,102.84,-0.5284
234.95,-524.96,23.707,12.703,81.027,-0.34497
222.04,-536.98,19.955,31.757,293.85,-0.0068028
209.16,-546.87,22.891,44.46,112.68,-0.1894
254.85,-554.61,33.826,-0,136.65,-0.018282
195.23,-560.16,19.63,44.46,307.12,-0.0043997
201.83,-563.5,32.581,-38.109,305.55,-0.00022709
166.69,-564.61,18.89,-25.406,126.09,-0.66087
219.84,-563.5,19.753,38.109,243.43,-0.0050743
162.89,-560.16,19.516,38.109,187.36,-0.86276
164.01,-554.61,19.119,12.703,159.03,-0.80826
234.18,-546.87,24.787,38.109,-123.98,-0.60219
198.32,-536.98,17.48,25.406,157.08,-0.0001314
137.68,-524.96,25.033,-38.109,76.627,-0.91553
291.5,-510.88,20.645,-12.703,234.93,-0.018299
198.71,-494.77,16.801,19.054,235.11,-4.6182e-05
270.04,-476.72,22.943,38.109,-66.585,-0.60708
399.54,-456.78,33.599,-0,112.97,0.00044523
65.19,-435.04,16.561,-12.703,-210.54,-1.6693e-05
168.44,-411.58,27.189,44.46,165.34,-1.2566
98.153,-386.5,27.068,12.703,85.27,-0.72333
165.18,-359.9,24.334,-31.757,-254.12,-1.2383
249.98,-331.87,18.655,0,-303.04,-0.0027112
211.94,-302.53,26.684,19.054,-298.19,-0.77821
175.05,-272,17.538,-38.109,175.19,-0.21606
165.19,-240.4,18.407,-31.757,-31.247,-0.74504
208.59,-207.85,19.552,38.109,113.15,-0.003761
231.2,-174.47,20.176,12.703,-51.145,-0.0092831
245.56,-140.41,17.38,-25.406,227.72,-0.00019895
244.98,-105.8,28.522,12.703,-51.289,-0.35217
163.2,-70.765,24.441,-44.46,-283.53,-1.3645
239.2,-35.452,18.93,-25.406,145.99,-0.0014124
222.56,-8.2974e-13,23.705,-19.054,-91.749,-0.3445
264,35.452,34.825,6.3514,-88.885,-0.23475
200.74,70.765,22.454,-12.703,-223.61,-0.12936
199.57,105.8,17.81,25.406,-23.029,-0.00020956
229.39,140.41,33.732,-25.406,72.688,-2.3128e-06
124.3,174.47,23.809,-6.3514,-182.28,-0.393
113.83,207.85,18.004,-38.109,-212.29,-0.0022486
204.47,240.4,23.593,-6.3514,9.1969,-0.32006
214.3,272,23.034,-38.109,-12.593,-0.21263
197.59,302.53,24.253,-6.3514,260.95,-0.4734
283.86,331.87,24.005,6.3514,-231.51,-0.45768
199.67,359.9,27.417,25.406,284.59,-0.65003
157.95,386.5,24.095,-6.3514,-42.751,-1.4305
259.94,411.58,25.506,19.054,270.46,-0.8425
257.7,435.04,25.866,19.054,63.321,-0.83703
181.75,456.78,23.658,6.3514,258.32,-0.38084
213.58,476.72,20.65,-12.703,-283.64,-0.01752
121.8,494.77,15.977,-38.109,-36.387,-0.01439
241.42,510.88,29.508,-25.406,29.28,-0.13652
209.44,524.96,28.019,31.757,105.19,-0.4915
152.15,536.98,29.453,-31.757,154.17,-1.0604
241.07,546.87,28.248,-38.109,-295.25,-0.42724
199.29,554.61,36.599,-0,-236.12,-1.227e-05
168.26,560.16,19.15,-12.703,151.15,-0.5692
190.77,563.5,19.529,-31.757,253.47,-0.0054075
226.26,564.61,21.406,-6.3514,-17.728,-0.043953
193,563.5,16.848,-31.757,-75.163,-0.0006295
172.4,560.16,33.453,-0,127.44,-0.33566
166.55,554.61,34.061,-25.406,145.52,-0.66739
204.49,546.87,29.757,-44.46,-141.66,-0.10045
157.31,536.98,15.418,-25.406,7.0462,-0.99932
119.07,524.96,14.223,19.054,25.143,-0.0075685
290.72,510.88,40.927,-12.703,76.334,-0.0014759
120.9,494.77,25.475,-6.3514,170.22,-0.75104
208.33,476.72,28.647,19.054,98.548,-0.31927
148.93,456.78,11.67,-19.054,-38.186,-0.78191
233.46,435.04,30.437,-6.3514,-134.5,-0.037
192.75,411.58,34.734,-12.703,74.913,-0.00068334
155.92,386.5,16.639,-6.3514,-218.91,-0.99617
160.27,359.9,23.054,19.054,262.43,-1.1699
149.23,331.87,16.775,25.406,-4.9211,-0.7959
224.43,302.53,35.3,31.757,3.5781,-6.7653e-11
255.72,272,31.616,31.757,131,-0.028973
254.81,240.4,23.037,6.3514,221.6,-0.23115
204.73,207.85,25.4,-25.406,230.7,-0.72741
247.05,174.47,23.689,-6.3514,95.1,-0.34135
225.48,140.41,21.423,-19.054,197.89,-0.044803
237.63,105.8,27.817,6.3514,120.51,-0.54725
295.02,70.765,28.511,-38.109,201.36,-0.35499
230.37,35.452,25.907,-6.3514,303.3,-0.78921
249.66,2.9048e-12,27.737,12.703,205.3,-0.57047
196.7,-35.452,28.148,-25.406,-10.225,-0.45531
240.61,-70.765,24.481,-31.757,-161.22,-0.52917
259.74,-105.8,22.133,-12.703,310.84,-0.18847
185.94,-140.41,17.874,-19.054,151.58,-0.012714
142.62,-174.47,16.11,-38.109,-28.603,-0.46562
138.04,-207.85,34.991,-19.054,89.921,-0.27123
298.41,-240.4,15.983,-31.757,-198.53,-6.4499e-06
206.57,-272,21.976,44.46,-194.42,-0.08136
256.7,-302.53,24.818,-44.46,291.38,-0.64604
110.04,-331.87,15.425,0,-131.23,-0.00067362
241.05,-359.9,32.249,25.406,-49.339,-0.00063631
219.42,-386.5,19.578,-31.757,81.877,-0.0039083
203.13,-411.58,19.664,12.703,-293.34,-0.0044452
111.14,-435.04,22.021,-44.46,244.15,-0.086061
302.71,-456.78,36.152,25.406,240.96,-3.6152e-09
156.06,-476.72,19.918,-6.3514,157.92,-1.0036
57.257,-494.77,12.754,-6.3514,202.89,-9.9257e-10
158.72,-510.88,20.051,19.054,-166.06,-0.99433
303.44,-524.96,31.998,-31.757,292.73,-0.0012895
289.95,-536.98,26.865,19.054,-204.48,-0.75841
141.68,-546.87,24.595,31.757,-235.79,-0.97823
194.91,-554.61,25.199,-12.703,-11.493,-0.69114
294.8,-560.16,26.121,31.757,-49.58,-0.79988
120.35,-563.5,21.045,25.406,-311.2,-0.039049
176.51,-564.61,23.505,19.054,65.952,-0.46464
213.87,-563.5,25.714,0,-168.2,-0.7713
240.68,-560.16,27.573,-19.054,-228.33,-0.61175
192.83,-554.61,12.629,-31.757,162.14,-0.00065556
176.27,-546.87,26.015,-38.109,-150.22,-0.96684
213.8,-536.98,22.173,44.46,-271.64,-0.099016
194.25,-524.96,25.507,19.054,311.44,-0.7446
207.94,-510.88,19.51,44.46,123.86,-0.0035261
196.31,-494.77,30.859,38.109,-219.68,-0.017635
199.55,-476.72,22.29,19.054,-180.16,-0.11087
193.99,-456.78,19.831,-25.406,-239.7,-0.0060395
67.53,-435.04,16.641,25.406,-184.15,-1.9756e-05
130.24,-411.58,14.67,-38.109,-40.991,-0.08022
243.06,-386.5,28.966,-12.703,-125.48,-0.24188
191.69,-359.9,21.49,25.406,206.54,-0.049483
178.94,-331.87,16.49,-6.3514,-38.098,-0.096078
192.49,-302.53,21.233,-19.054,25.742,-0.036733
257.3,-272,21.739,19.054,232.01,-0.10827
230.21,-240.4,24.759,12.703,-180.22,-0.59582
95.566,-207.85,21.342,-0,-152.38,-0.040856
192.47,-174.47,25.943,19.054,278.67,-0.79248
138.01,-140.41,18.191,-19.054,-258.98,-0.27046
222.76,-105.8,25.142,-0,49.285,-0.67964
192.99,-70.765,19.923,6.3514,146.02,-0.0070992
219.44,-35.452,30.534,-19.054,-189.68,-0.031445
237.76,-4.9798e-12,25.442,6.3514,-84.397,-0.73426
158.21,35.452,20.419,-25.406,-82.385,-1.006
274.2,70.765,28.035,38.109,78.18,-0.84602
228.58,105.8,27.204,19.054,-52.026,-0.69701
163.72,140.41,25.426,-31.757,162.44,-1.552
141.32,174.47,25.734,19.054,87.262,-1.1783
165.53,207.85,19.645,12.703,-212.92,-0.73011
174.81,240.4,22.32,-19.054,-44.727,-0.33982
279.59,272,32.694,19.054,66.453,-0.15557
257.86,302.53,31.096,12.703,-112.87,-0.064722
168.5,331.87,19.362,31.757,-97.767,-0.55575
193.91,359.9,25.611,19.054,145.3,-0.75914
190.28,386.5,26.437,-25.406,-18.117,-0.79883
194.79,411.58,25.653,-19.054,20.33,-0.76434
229.52,435.04,22.673,19.054,35.938,-0.15734
116.51,456.78,14.901,44.46,-233.46,-0.0039935
173.84,476.72,19.959,38.109,235.25,-0.2738
168.63,494.77,23.694,6.3514,78.182,-0.88722
106.02,510.88,13.754,44.46,-307.6,-0.00019805
265.4,524.96,30.681,-25.406,-6.3156,-0.31297
157.5,536.98,12.142,-12.703,303.43,-0.9985
107.37,546.87,11.687,12.703,100.57,-0.00030136
279.34,554.61,27.87,31.757,174.8,-0.69766
256.54,560.16,22.178,-0,-246.17,-0.13403
181.6,563.5,31.824,-19.054,-181.43,-0.05062
68.397,564.61,20.177,38.109,117.22,-0.0092985
202.49,563.5,23.331,-31.757,-80.177,-0.26659
145.11,560.16,23.249,0,-160.77,-0.84066
275.13,554.61,20.841,-25.406,-273.74,-0.35093
166.18,546.87,18.118,6.3514,240.37,-0.68944
130.67,536.98,11.383,6.3514,7.8727,-0.086593
156.01,524.96,15.121,25.406,-159.59,-0.99681
297.69,510.88,32.551,19.054,-11.75,-0.00025237
157.57,494.77,27.965,12.703,-204.79,-1.5048
288.76,476.72,32.021,44.46,-223.69,-0.0059685
282.24,456.78,33.516,-19.054,-28.238,-0.076056
231.32,435.04,17.294,25.406,-174.76,-7.4536e-05
64.793,411.58,7.908,6.3514,304.44,-1.7211e-12
219.24,386.5,19.907,0,250.84,-0.0063457
154.84,359.9,21.053,-0,-218.23,-1.0122
109.51,331.87,26.138,44.46,306.95,-0.80081
302.23,302.53,29.622,-38.109,-93.314,-0.11909
254.52,272,23.625,-31.757,-98.424,-0.34294
272.81,240.4,36.925,-38.109,217.76,-0.3936
107.89,207.85,20.023,-31.757,-154.78,-0.0078476
194.05,174.47,20.055,-44.46,307.39,-0.008184
282.61,140.41,21.458,-31.757,-4.3567,-0.11436
213.74,105.8,23.111,12.703,1.6284,-0.22593
206.45,70.765,28.723,12.703,-182.36,-0.30001
197.74,35.452,30.638,-44.46,171.59,-0.026324
117.3,3.0431e-12,31.393,38.109,141.23,-0.010684
256.1,-35.452,25.435,-19.054,71.231,-0.76249
120.09,-70.765,15.4,-25.406,-154.45,-0.0096733
195.86,-105.8,20.436,-25.406,-63.729,-0.013356
241.81,-140.41,23.086,-0,207.46,-0.22155
305.78,-174.47,25.997,31.757,246.39,-0.79491
121.65,-207.85,22.981,19.054,-187.35,-0.21766
179.61,-240.4,15.985,-38.109,43.179,-0.081756
253.62,-272,29.564,-38.109,-152.3,-0.13857
206.58,-302.53,18.959,31.757,-181.52,-0.0014803
314.12,-331.87,40.246,44.46,130.03,7.633e-08
153.17,-359.9,18.523,-38.109,148.72,-0.94696
86.368,-386.5,27.798,19.054,289.5,-0.55243
158.8,-411.58,20.037,-6.3514,-255.11,-0.99283
178.66,-435.04,13.09,38.109,-264.28,-0.10254
127.58,-456.78,24.189,38.109,-249.6,-0.50668
225.61,-476.72,27.255,-38.109,-189.8,-0.68635
232.66,-494.77,18.016,-19.054,57.012,-0.00029194
190.84,-510.88,12.86,31.757,-168.89,-0.001717
214.26,-524.96,30.048,6.3514,-217.28,-0.067511
184.61,-536.98,19.433,-25.406,-211.87,-0.022718
149.22,-546.87,28.456,12.703,214.17,-1.1653
239.25,-554.61,25.797,-31.757,-244.86,-0.77995
284.74,-560.16,30.862,38.109,254.04,-0.049027
279.93,-563.5,35.336,38.109,248.14,-0.14361
283.44,-564.61,37.665,31.757,-89.677,-0.051179
206.78,-563.5,12.056,-38.109,112.37,-1.0579e-08
126.48,-560.16,23.822,12.703,4.5384,-0.41007
209.84,-554.61,22.931,25.406,166.83,-0.19571
224.02,-546.87,40.561,-44.46,-189.41,6.1933e-07
203.73,-536.98,30.095,-44.46,107.56,-0.063061
196.18,-524.96,13.374,-12.703,98.406,-9.9704e-05
222.86,-510.88,20.75,19.054,34.531,-0.019932
239.8,-494.77,15.825,-44.46,-274.74,-4.0555e-06
283.45,-476.72,28.711,0,-33.453,-0.35384
188.1,-456.78,34.283,-12.703,11.056,-0.0055627
197.35,-435.04,18.53,44.46,254.17,-0.00077061
131.2,-411.58,14.954,44.46,204.77,-0.094973
156.25,-386.5,28.442,-31.757,206.99,-1.3718
272.54,-359.9,31.023,-19.054,-123.83,-0.4112
229.47,-331.87,25.927,-38.109,-128.61,-0.7906
309.33,-302.53,39.782,25.406,-299.78,2.0537e-09
146.91,-272,19.117,12.703,-64.749,-0.68401
153.46,-240.4,21.567,-0,31.852,-1.0068
283.62,-207.85,34.536,25.406,-153.43,-0.048044
198.12,-174.47,26.257,-25.406,43.913,-0.80128
215.21,-140.41,21.559,44.46,175.86,-0.052203
191.48,-105.8,21.205,12.703,-2.9019,-0.036098
55.019,-70.765,15.526,-12.703,-151.62,-1.659e-06
281.4,-35.452,22.285,25.406,-193.01,-0.20823
149.21,-1.1063e-12,24.918,38.109,-132.65,-1.4273
139.14,35.452,16.034,-6.3514,194.14,-0.31239
229.31,70.765,22.215,12.703,111.09,-0.10316
270.68,105.8,32.099,-31.757,310.41,-0.4136
160.73,140.41,18.458,19.054,276.9,-0.94125
91.059,174.47,19.132,-31.757,-236.81,-0.0019589
239.04,207.85,25.57,-44.46,21.067,-0.75322
236.99,240.4,31.805,-38.109,-140.65,-0.0021491
154.35,272,17.662,19.054,-256.01,-0.97456
170.51,302.53,21.18,25.406,4.6935,-0.47029
209.01,331.87,30.426,-19.054,20.544,-0.037702
187.43,359.9,18.969,-19.054,201.85,-0.0087162
141.66,386.5,13.236,-38.109,-46.112,-0.42017
232.54,411.58,21.264,38.109,30.173,-0.037288
194.78,435.04,25.389,-12.703,-46.055,-0.72567
271.29,456.78,27.046,-6.3514,-272.04,-1.1389
219.48,476.72,31.351,-31.757,70.051,-0.006363
95.145,494.77,21.711,-38.109,-298.08,-0.061579
200.21,510.88,17.71,38.109,53.866,-0.00017161
150.71,524.96,20.709,31.757,-110.22,-0.87993
186.42,536.98,26.408,19.054,-260.29,-0.80838
240.92,546.87,39.521,25.406,-90.455,-2.2762e-06
146,554.61,21.68,38.109,83.056,-0.69508
230,560.16,26.097,-44.46,123.19,-0.79913
229.68,563.5,16.569,19.054,97.546,-1.6967e-05
131.02,564.61,21.934,-0,-68.623,-0.17008
225.31,563.5,16.451,-44.46,282.28,-1.3193e-05
115.47,560.16,24.093,44.46,-222.86,-0.4377
169.67,554.61,19.368,38.109,295.93,-0.48745
274.13,546.87,27.061,-38.109,-292,-1.0858
176.5,536.98,16.564,-44.46,-137.88,-0.16338
157.67,524.96,28.208,12.703,39.922,-1.436
150.9,510.88,31.491,6.3514,-148.99,-0.87321
66.571,494.77,29.721,-12.703,-268.86,-0.10515
259.24,476.72,23.6,6.3514,-28.645,-0.40294
99.816,456.78,16.224,-19.054,-143.8,-3.3041e-05
193.01,435.04,30.632,25.406,-301.25,-0.027151
183.09,411.58,34.892,25.406,148.9,-0.031675
209.36,386.5,24.09,6.3514,207.92,-0.43388
281.23,359.9,27.737,31.757,-34.794,-0.67163
134.99,331.87,22.66,0,-19.101,-0.33159
250.23,302.53,29.801,19.054,254.43,-0.096911
251.91,272,17.043,-19.054,-34.594,-0.0050061
75.525,240.4,7.3439,-6.3514,-283.06,-7.329e-10
202.02,207.85,25.538,-12.703,66.988,-0.74879
209.7,174.47,20.667,-31.757,-132,-0.017907
153.79,140.41,27.93,12.703,-52.321,-1.4785
228.16,105.8,36.555,-44.46,274.72,-8.8126e-16
276.82,70.765,18.647,25.406,296.93,-0.26451
203.12,35.452,24.296,-0,272.4,-0.48392
215.56,3.1814e-12,22.022,12.703,-250.85,-0.085231
187.83,-35.452,15.961,31.757,-251.73,-0.0061772
227.73,-70.765,24.221,31.757,77.865,-0.46553
236.83,-105.8,19.73,-6.3514,235.4,-0.0049034
156.46,-140.41,22.448,-44.46,-203.45,-1.1279
298.43,-174.47,34.945,-19.054,-113.2,-1.6815e-06
86.692,-207.85,10.706,-0,-76.976,-1.4581e-07
152.36,-240.4,18.748,19.054,-197.33,-0.92293
206.55,-272,42.271,12.703,234.97,0.0017927
192.03,-302.53,25.778,38.109,-25.866,-0.77909
196.99,-331.87,24.816,-31.757,19.344,-0.60895
165.05,-359.9,26.217,-25.406,24.877,-1.553
307.22,-386.5,31.24,38.109,-293.45,-0.0081158
152.63,-411.58,19.577,6.3514,16.871,-0.93428
189.16,-435.04,23.124,38.109,10.114,-0.23185
283.8,-456.78,24.112,-31.757,104.14,-0.48429
177.07,-476.72,20.757,31.757,16.264,-0.16536
138.37,-494.77,17.377,-38.109,88.919,-0.28341
272.3,-510.88,32.886,38.109,228.24,-0.40218
140.43,-524.96,20.606,-25.406,-253.86,-0.38236
188.78,-536.98,15.077,38.109,-291.41,-0.0042238
311.99,-546.87,34.047,-31.757,-156.87,-4.6611e-07
104.73,-554.61,18.532,19.054,148.42,-0.00085632
60.383,-560.16,11.919,31.757,-296.13,-7.0654e-11
158.69,-563.5,22.066,-19.054,193.87,-1.076
226.59,-564.61,24.303,-12.703,-125.67,-0.48556
187.49,-563.5,17.599,-12.703,166.11,-0.0071835
144.52,-560.16,22.815,-44.46,152.73,-0.73784
293.87,-554.61,26.844,38.109,-238.44,-0.75908
238.41,-546.87,20.643,-25.406,169.9,-0.017364
61.54,-536.98,19.608,-6.3514,-191.44,-0.0040883
203.85,-524.96,31.095,-25.406,-215.96,-0.011004
7.5305,-510.88,14.257,19.054,131.74,-7.0569e-08
221.95,-494.77,23.289,6.3514,-149.05,-0.25847
242.95,-476.72,25.305,-6.3514,6.7359,-0.7108
252.48,-456.78,16.859,0,-137.46,-0.0065399
87.411,-435.04,27.924,44.46,-138.6,-0.51801
185.47,-411.58,30.502,31.757,18.869,-0.047905
155.81,-386.5,26.714,25.406,-179.27,-1.7702
194.87,-359.9,14.044,25.406,58.107,-0.00021718
159.34,-331.87,18.914,-0,263.66,-0.97706
237.37,-302.53,20.667,-12.703,308.79,-0.017925
304.72,-272,30.305,19.054,72.441,-0.045795
272.93,-240.4,30.834,-0,-128.82,-0.40964
267.03,-207.85,22.685,-12.703,-23.981,-0.50529
291.92,-174.47,31.242,6.3514,-89.856,-0.0087354
188.83,-140.41,18.386,12.703,232.54,-0.0047006
185.71,-105.8,22.088,25.406,-294.79,-0.10456
189.93,-70.765,12.268,31.757,7.95,-0.0025875
218.81,-35.452,23.239,0,-58.89,-0.24911
182.82,-1.2446e-12,20.964,-31.757,36.953,-0.060364
160.78,35.452,21.273,-12.703,179.92,-0.97677
136.66,70.765,13.16,-6.3514,-107.35,-0.22459
128.73,105.8,15.725,-31.757,127.24,-0.060721
114.49,140.41,27.732,-44.46,-297.17,-0.5726
205.89,174.47,30.814,-19.054,-126.87,-0.019099
275.46,207.85,24.822,12.703,254.13,-0.92722
230.27,240.4,28.463,-6.3514,-224.7,-0.36791
189.53,272,26.58,-12.703,-297.11,-0.7907
260.86,302.53,25.755,31.757,-182.88,-0.89989
162.84,331.87,20.544,-38.109,-261.18,-0.87684
175.91,359.9,24.227,25.406,99.926,-0.6509
199.86,386.5,24.022,12.703,-279.83,-0.41771
170.17,411.58,22.032,44.46,59.546,-0.54154
201.39,435.04,20.62,-6.3514,254.62,-0.016866
114.1,456.78,20.818,-44.46,148.95,-0.023813
182.49,476.72,16.578,44.46,-244.63,-0.037743
127.92,494.77,20.75,6.3514,71.904,-0.072037
118.58,510.88,24.668,25.406,218.95,-0.58109
216.23,524.96,18.423,6.3514,-79.343,-0.00060113
130.48,536.98,23.888,-6.3514,264.66,-0.46981
170.16,546.87,27.955,-31.757,-289.79,-0.96563
235.76,554.61,9.9585,31.757,247.36,-5.7706e-09
326.36,560.16,30.962,-25.406,18.03,-0.014381
289.21,563.5,20.277,-19.054,-12.402,-0.014375
70.613,564.61,1.6758,-38.109,-147.33,-5.2322e-11
238.27,563.5,31.689,25.406,203.06,-0.0028826
290.62,560.16,30.685,-19.054,258.07,-0.025731
160.04,554.61,29.003,-44.46,96.519,-1.1933
166.14,546.87,20.436,-38.109,3.1318,-0.70451
230.78,536.98,37.19,-6.3514,311.37,-9.2935e-13
164.6,524.96,17.667,25.406,243.82,-0.7762
114.36,510.88,11.56,-31.757,-177.37,-0.0022655
178.71,494.77,36.915,-38.109,218.15,-0.1013
142.36,476.72,8.7163,-25.406,187.88,-0.45318
305.06,456.78,25.366,-31.757,-275.58,-0.72156
131.3,435.04,31.988,-31.757,-3.7517,-0.098057
95.551,411.58,17.708,38.109,157.62,-0.00017028
207.56,386.5,31.068,-6.3514,-59.528,-0.011636
169.66,359.9,21.956,-19.054,146.1,-0.56484
157.29,331.87,21.645,31.757,-169.15,-1.0567
258.25,302.53,25.73,19.054,116.17,-0.83377
243.54,272,28.571,-44.46,-126.67,-0.33905
225.63,240.4,11.694,19.054,36.281,-3.3399e-11
143.39,207.85,24.474,-38.109,-46.117,-1.0307
114.82,174.47,15.829,38.109,-191.9,-0.0025699
248.45,140.41,23.282,-0,-263.44,-0.25792
176.78,105.8,25.043,19.054,89.536,-0.81363
260.09,70.765,31.33,-19.054,-90.198,-0.10902
313.91,35.452,27.025,-12.703,-104.12,-0.73097
126.37,-6.9215e-13,26.05,-25.406,-222.77,-0.83577
301.56,-35.452,23.401,6.3514,-162.41,-0.28036
252.42,-70.765,21.069,-44.46,139.78,-0.035925
183.48,-105.8,18.314,12.703,-34.187,-0.028617
264.45,-140.41,18.129,38.109,-291.53,-0.25268
184.56,-174.47,14.896,6.3514,264.2,-0.019935
295.53,-207.85,26.176,-6.3514,-113.46,-0.80094
159.31,-240.4,21.766,-25.406,-183.73,-1.0417
208.65,-272,18.504,-6.3514,61.088,-0.00069171
161.48,-302.53,18.129,-0,-189.47,-0.91619
90.977,-331.87,23.75,25.406,-73.367,-0.35461
256.45,-359.9,25.932,-12.703,39.305,-0.82436
106.17,-386.5,19.465,-31.757,-259.91,-0.0035
228.06,-411.58,37.381,-19.054,-185.56,-6.3317e-16
142.43,-435.04,19.494,-31.757,60.426,-0.46015
159.11,-456.78,29.334,19.054,31.794,-1.1465
213.29,-476.72,27.423,6.3514,-168.36,-0.64874
199.23,-494.77,19.146,0,-226.23,-0.0020135
170.08,-510.88,20,44.46,204.24,-0.46785
198.87,-524.96,29.698,38.109,-62.02,-0.10834
165.95,-536.98,12.532,-0,237.89,-0.70212
212.58,-546.87,26.015,-38.109,160.92,-0.79579
250.88,-554.61,25.461,-31.757,201.19,-0.74015
195.06,-560.16,25.56,-31.757,248.32,-0.75213
132.38,-563.5,24.455,38.109,-227.72,-0.63887
132.76,-564.61,23.568,-19.054,-11.976,-0.43851
173.23,-563.5,18.746,31.757,186.78,-0.29591
126.58,-560.16,21.981,38.109,61.245,-0.1217
128.63,-554.61,24.58,-38.109,305.66,-0.61288
190.22,-546.87,21.465,-19.054,179.02,-0.049278
244.53,-536.98,26.734,38.109,-143.19,-0.77283
164.45,-524.96,18.972,-44.46,243.5,-0.78528
189.29,-510.88,14.961,-38.109,272.98,-0.0034104
173.63,-494.77,28.697,19.054,97.061,-0.58258
261.89,-476.72,26.637,12.703,295.81,-0.93979
189.03,-456.78,19.137,6.3514,309.92,-0.0057818
174.65,-435.04,22.865,19.054,183.98,-0.41761
235.62,-411.58,25.016,31.757,302.21,-0.65356
262.12,-386.5,30.376,0,-189,-0.20583
113.13,-359.9,16.65,-0,-63.42,-0.0016412
216.08,-331.87,24.297,19.054,105.4,-0.48427
183.23,-302.53,23.388,19.054,-59.998,-0.30819
162.15,-272,21.474,6.3514,-209.03,-0.93792
274.85,-240.4,31.919,-25.406,59.505,-0.33993
189.58,-207.85,26.372,-19.054,141.14,-0.80215
286.5,-174.47,27.537,19.054,-67.359,-0.63576
173.48,-140.41,28.336,-12.703,-60.956,-0.68611
205.29,-105.8,21.999,6.3514,-28.039,-0.083253
132.43,-70.765,15.704,12.703,94.461,-0.1172
188.98,-35.452,28.388,-25.406,131.73,-0.39231
164.99,-5.3947e-12,28.161,-6.3514,-197.56,-1.2064
